experiment,order,top-variants,set-up,fitness,precision,f-measure,time,ext_cardoso
1,FRQ,P,NFL NFR D,0.9801382570316396,0.2383394459285978,0.3746885100875591,21.65625,"[25, 17, 31, 17, 31, 17, 31, 17, 19, 17, 17, 17, 17, 19, 23, 19, 23, 19, 23, 19, 23, 19, 19, 23, 19, 23, 19, 23, 12, 13, 12, 7, 13, 7, 11, 11, 11, 11, 11]"
2,FRQ,P,NFL NFR S,0.9920702561327562,0.1648838702147524,0.2827088497650895,27.046875,[25]
3,FRQ,P,NFL UFR D,0.9801382570316396,0.2383394459285978,0.3746885100875591,23.140625,"[17, 17, 17, 17, 17, 17, 17, 11, 17, 17, 16, 17, 16, 17, 17, 17, 17, 17, 21, 17, 21, 17, 17, 21, 11, 21, 17, 17, 13, 13, 13, 14, 13, 14, 11, 16, 18, 11, 11]"
4,FRQ,P,NFL UFR S,0.9920702561327562,0.1648838702147524,0.2827088497650895,25.140625,[17]
5,FRQ,P,UFL NFR D,0.9612544066772007,0.3794831848352215,0.5267541781763618,17.421875,"[9, 7, 6, 9, 6, 10, 6, 8, 6, 6, 13, 6, 12, 6, 13, 6, 8, 6, 15, 6, 13, 6, 8, 8, 8, 15, 10, 8, 8, 10, 10, 5, 8, 8, 12, 8, 12, 15, 15]"
6,FRQ,P,UFL NFR S,0.9223098744616912,0.4811277554251035,0.62474008226323,16.65625,[8]
7,FRQ,P,UFL UFR D,0.9162391046312464,0.7963643790849674,0.8343934243520369,16.28125,"[6, 6, 6, 6, 6, 6, 6, 6, 6, 6, 6, 6, 6, 6, 6, 6, 6, 6, 6, 6, 6, 6, 6, 6, 6, 6, 6, 6, 6, 6, 6, 6, 6, 6, 6, 6, 6, 6, 6]"
8,FRQ,P,UFL UFR S,0.9162391046312464,0.7963643790849674,0.8343934243520369,14.65625,[6]
