experiment,order,top-variants,set-up,fitness,precision,f-measure,time,ext_cardoso
1,FRQ,P,NFL NFR D,0.9794453782335945,0.4036198591376382,0.5619856744837562,23.921875,"[12, 11, 13, 12, 13, 12, 13, 10, 13, 13, 9, 13, 9, 13, 13, 13, 13, 13, 13, 13, 13, 13, 10, 13, 10, 13, 10, 13, 13, 13, 13, 16, 13, 16, 15, 14, 15, 14, 15]"
2,FRQ,P,NFL NFR S,0.9528796845935688,0.3382042317868962,0.49597896725624,23.46875,[12]
3,FRQ,P,NFL UFR D,0.9794453782335945,0.4036198591376382,0.5619856744837562,24.109375,"[12, 11, 13, 12, 13, 12, 13, 10, 13, 13, 9, 13, 9, 13, 13, 13, 13, 13, 13, 13, 13, 13, 10, 13, 10, 13, 10, 13, 13, 13, 13, 16, 13, 16, 15, 14, 15, 14, 15]"
4,FRQ,P,NFL UFR S,0.9528796845935688,0.3382042317868962,0.49597896725624,23.71875,[12]
5,FRQ,P,UFL NFR D,0.9725180954569383,0.436388130613653,0.5930743885465956,21.921875,"[12, 14, 11, 12, 11, 12, 11, 10, 13, 11, 9, 11, 9, 13, 13, 13, 13, 13, 13, 13, 13, 13, 10, 13, 10, 13, 10, 13, 10, 10, 10, 16, 10, 16, 12, 11, 12, 11, 12]"
6,FRQ,P,UFL NFR S,0.9528796845935688,0.3382042317868962,0.49597896725624,23.421875,[12]
7,FRQ,P,UFL UFR D,0.965604092664908,0.4575970804874351,0.6142472869856643,27.171875,"[13, 13, 11, 13, 11, 13, 11, 10, 11, 11, 9, 11, 9, 11, 11, 11, 11, 11, 11, 11, 11, 11, 10, 11, 10, 11, 10, 11, 10, 10, 10, 11, 10, 11, 12, 11, 12, 11, 12]"
8,FRQ,P,UFL UFR S,0.9435891795230088,0.3725796820282115,0.5287784505698581,24.109375,[13]
