experiment,order,top-variants,set-up,fitness,precision,f-measure,time,ext_cardoso
1,FRQ,P,NFL NFR D,0.973996441957452,0.4682820724312768,0.6265799479917181,21.03125,"[12, 10, 12, 12, 12, 12, 12, 11, 10, 10, 9, 10, 9, 10, 13, 10, 13, 10, 13, 10, 13, 10, 12, 13, 12, 13, 12, 13, 12, 12, 12, 14, 12, 14, 13, 12, 13, 12, 13]"
2,FRQ,P,NFL NFR S,0.9506125780617564,0.4007435486253951,0.5588363508586165,21.578125,[12]
3,FRQ,P,NFL UFR D,0.973996441957452,0.4682820724312768,0.6265799479917181,22.484375,"[12, 10, 12, 12, 12, 12, 12, 11, 10, 10, 9, 10, 9, 10, 13, 10, 13, 10, 13, 10, 13, 10, 12, 13, 12, 13, 12, 13, 12, 12, 12, 14, 12, 14, 13, 12, 13, 12, 13]"
4,FRQ,P,NFL UFR S,0.9506125780617564,0.4007435486253951,0.5588363508586165,21.46875,[12]
5,FRQ,P,UFL NFR D,0.9633487934978444,0.5150561698578339,0.6638045254029891,18.78125,"[9, 9, 8, 9, 8, 9, 8, 9, 9, 9, 9, 9, 9, 9, 9, 9, 9, 9, 9, 9, 9, 9, 9, 9, 9, 9, 9, 9, 9, 8, 9, 8, 8, 8, 9, 8, 9, 8, 9]"
6,FRQ,P,UFL NFR S,0.944938282480283,0.4960436920034442,0.6434648850107079,19.203125,[9]
7,FRQ,P,UFL UFR D,0.9497295757058324,0.5024914327158908,0.6504157131074468,20.75,"[9, 9, 9, 9, 9, 9, 9, 9, 9, 9, 9, 9, 9, 9, 9, 9, 9, 9, 9, 9, 9, 9, 9, 9, 9, 9, 9, 9, 9, 9, 9, 9, 9, 9, 11, 10, 9, 8, 9]"
8,FRQ,P,UFL UFR S,0.944938282480283,0.4960436920034442,0.6434648850107079,19.0,[9]
